DROP TABLE IF EXISTS USERS;
CREATE TABLE USERS (
  USER_PHONE NUMBER AUTO_INCREMENT PRIMARY KEY,
  USER_NAME VARCHAR(250) NOT NULL 
);

INSERT INTO USERS (USER_PHONE, USER_NAME) VALUES (549388155738244, 'gerardo');
INSERT INTO USERS (USER_PHONE, USER_NAME) VALUES (549388155738245, 'javier');
INSERT INTO USERS (USER_PHONE, USER_NAME) VALUES (549388155738246, 'fernando');
INSERT INTO USERS (USER_PHONE, USER_NAME) VALUES (549388155738247, 'alejandro');
INSERT INTO USERS (USER_PHONE, USER_NAME) VALUES (549388155738248, 'romina');
INSERT INTO USERS (USER_PHONE, USER_NAME) VALUES (549388155738249, 'laura');


DROP TABLE IF EXISTS CONVERSATION_GROUPS;
CREATE TABLE CONVERSATION_GROUPS (
  GROUP_ID number AUTO_INCREMENT PRIMARY KEY,
  GROUP_NAME VARCHAR(250) NOT NULL
);

INSERT INTO CONVERSATION_GROUPS (GROUP_ID, GROUP_NAME) VALUES (1, 'Amigos');
INSERT INTO CONVERSATION_GROUPS (GROUP_ID, GROUP_NAME) VALUES (2, 'Trabajo');


DROP TABLE IF EXISTS USERSGROUPS;
CREATE TABLE USERSGROUPS (
  ID NUMBER AUTO_INCREMENT PRIMARY KEY,
  PHONENUMBER NUMBER NOT NULL,
  GROUP_ID NUMBER NOT NULL,
  NOTIFICATIONS NUMBER DEFAULT 0
);

INSERT INTO USERSGROUPS (ID, PHONENUMBER, GROUP_ID) VALUES (1, 549388155738246, 1);
INSERT INTO USERSGROUPS (ID, PHONENUMBER, GROUP_ID) VALUES (2, 549388155738247, 1);
INSERT INTO USERSGROUPS (ID, PHONENUMBER, GROUP_ID) VALUES (3, 549388155738244, 2);
INSERT INTO USERSGROUPS (ID, PHONENUMBER, GROUP_ID) VALUES (4, 549388155738245, 2);
INSERT INTO USERSGROUPS (ID, PHONENUMBER, GROUP_ID) VALUES (5, 549388155738248, 1);
INSERT INTO USERSGROUPS (ID, PHONENUMBER, GROUP_ID) VALUES (6, 549388155738248, 2);


DROP TABLE IF EXISTS MESSAGES;
CREATE TABLE MESSAGES (
  MESSAGE_ID NUMBER AUTO_INCREMENT PRIMARY KEY,
  MESSAGE VARCHAR(250) NOT NULL,
  MESSAGE_TIME TIMESTAMP WITH TIME ZONE,
  USER_ID NUMBER NOT NULL,
  GROUP_ID NUMBER NOT NULL
);

INSERT INTO MESSAGES (MESSAGE_ID, MESSAGE, MESSAGE_TIME, USER_ID, GROUP_ID) VALUES (1, 'Hola, como estas?', CURRENT_TIMESTAMP, 549388155738246, 1);
INSERT INTO MESSAGES (MESSAGE_ID, MESSAGE, MESSAGE_TIME, USER_ID, GROUP_ID) VALUES (2, 'Bien y vos?', CURRENT_TIMESTAMP, 549388155738247, 1);
INSERT INTO MESSAGES (MESSAGE_ID, MESSAGE, MESSAGE_TIME, USER_ID, GROUP_ID) VALUES (3, 'Buenos dias', CURRENT_TIMESTAMP, 549388155738248, 2);